order_id,customer_id,order_date,amount,currency,country
ORD0001,CUST058,1/13/2023,1123.82,INR,germany
ORD0002,CUST017,1/16/2023,2531.72,USD,germany
ORD0003,CUST113,8/18/2023,3796.45,EUR,UK
ORD0004,CUST143,21/04/2023,,INR,UK
ORD0005,CUST177,11/6/2023,3651.36,EUR,India
ORD0006,CUST283,11/18/2023,,USD,India
ORD0007,CUST024,27/04/2023,4926.26,INR,germany
ORD0008,CUST143,22/11/2023,,USD,Uk
ORD0009,CUST037,3/29/2023,3648.34,EUR,germany
ORD0010,CUST139,12/19/2023,,INR,usa
ORD0011,CUST017,11/6/2023,,USD,Germany
ORD0012,CUST203,13/04/2024,722.93,USD,Uk
ORD0013,CUST300,4/4/2024,1816.36,EUR,India
ORD0014,CUST025,3/20/2023,,INR,germany
ORD0015,CUST196,28/08/2023,4855.68,INR,Uk
ORD0016,CUST175,2/27/2023,,USD,India
ORD0017,CUST153,9/17/2023,,USD,india
ORD0018,CUST166,10/1/2023,,USD,india
ORD0019,CUST124,3/25/2024,,INR,USA
ORD0020,CUST066,4/29/2024,,USD,usa
ORD0021,CUST160,10/12/2023,,INR,usa
ORD0022,CUST116,1/11/2023,2774.07,INR,India
ORD0023,CUST031,4/28/2023,4299.58,USD,Uk
ORD0024,CUST249,3/9/2023,,USD,Germany
ORD0025,CUST209,2/19/2023,,EUR,Germany
ORD0026,CUST028,12/11/2023,,INR,usa
ORD0027,CUST099,4/8/2023,,EUR,usa
ORD0028,CUST039,3/17/2024,498.56,INR,usa
ORD0029,CUST086,7/28/2023,4324.61,USD,germany
ORD0030,CUST002,16/05/2023,,USD,usa
ORD0031,CUST152,1/30/2023,3681.33,GBP,india
ORD0032,CUST026,9/15/2023,795.59,USD,India
ORD0033,CUST035,17/03/2024,608.23,INR,India
ORD0034,CUST215,10/17/2023,,USD,UK
ORD0035,CUST123,3/9/2023,,GBP,India
ORD0036,CUST005,8/23/2023,375.57,GBP,USA
ORD0037,CUST179,3/27/2024,1853.94,EUR,Uk
ORD0038,CUST271,2/23/2024,1503.9,USD,Uk
ORD0039,CUST060,1/16/2024,,USD,UK
ORD0040,CUST105,21/11/2023,,INR,India
ORD0041,CUST217,2/29/2024,1674.45,GBP,USA
ORD0042,CUST227,8/7/2023,58.25,USD,india
ORD0043,CUST190,10/10/2023,,GBP,india
ORD0044,CUST184,5/8/2023,,USD,usa
ORD0045,CUST084,5/14/2024,4408.27,USD,UK
ORD0046,CUST211,3/18/2024,,USD,India
ORD0047,CUST196,20/01/2023,,GBP,Uk
ORD0048,CUST117,4/25/2023,,INR,Uk
ORD0049,CUST180,7/24/2023,,INR,India
ORD0050,CUST134,25/10/2023,,GBP,UK
ORD0051,CUST224,19/09/2023,4498.53,GBP,india
ORD0052,CUST224,4/18/2024,3437.42,GBP,germany
ORD0053,CUST036,7/12/2023,3119.55,GBP,Uk
ORD0054,CUST210,26/07/2023,2776.52,EUR,germany
ORD0055,CUST090,19/10/2023,2744.21,GBP,Uk
ORD0056,CUST108,10/24/2023,,EUR,Germany
ORD0057,CUST110,2/11/2024,856.76,GBP,UK
ORD0058,CUST048,2/24/2024,3367.25,USD,USA
ORD0059,CUST013,9/1/2023,4250.19,EUR,germany
ORD0060,CUST295,3/1/2024,2476.94,USD,india
ORD0061,CUST055,2/3/2024,,INR,usa
ORD0062,CUST063,10/3/2023,,EUR,germany
ORD0063,CUST281,3/23/2023,,GBP,usa
ORD0064,CUST142,3/2/2024,,EUR,India
ORD0065,CUST147,20/05/2023,4466.2,USD,USA
ORD0066,CUST119,3/20/2023,,EUR,UK
ORD0067,CUST278,8/27/2023,,INR,germany
ORD0068,CUST245,27/04/2024,,USD,Germany
ORD0069,CUST113,5/20/2023,,USD,Germany
ORD0070,CUST066,1/10/2023,2963.54,INR,germany
ORD0071,CUST070,3/19/2024,,USD,Germany
ORD0072,CUST168,25/01/2024,,GBP,India
ORD0073,CUST241,1/10/2023,,USD,India
ORD0074,CUST021,1/22/2024,1004.81,USD,usa
ORD0075,CUST065,2/28/2023,,GBP,UK
ORD0076,CUST086,5/8/2024,3594.6,GBP,India
ORD0077,CUST297,6/9/2023,,EUR,usa
ORD0078,CUST039,3/1/2024,,INR,india
ORD0079,CUST178,8/8/2023,,INR,germany
ORD0080,CUST251,10/8/2023,,USD,germany
ORD0081,CUST091,5/9/2024,,EUR,germany
ORD0082,CUST138,6/15/2023,,USD,Germany
ORD0083,CUST292,9/12/2023,,USD,Germany
ORD0084,CUST109,13/02/2024,,INR,usa
ORD0085,CUST044,4/1/2024,2780.33,EUR,Germany
ORD0086,CUST230,9/1/2023,1115.77,GBP,UK
ORD0087,CUST243,29/09/2023,,GBP,Germany
ORD0088,CUST139,6/6/2023,,INR,USA
ORD0089,CUST099,14/01/2024,,INR,usa
ORD0090,CUST152,4/7/2023,80.6,GBP,india
ORD0091,CUST028,10/11/2023,,INR,india
ORD0092,CUST294,29/08/2023,1710.12,GBP,Germany
ORD0093,CUST059,3/2/2023,379.67,USD,USA
ORD0094,CUST289,4/30/2024,,USD,germany
ORD0095,CUST231,6/2/2023,,INR,India
ORD0096,CUST107,5/16/2023,415.13,USD,India
ORD0097,CUST081,8/19/2023,,INR,usa
ORD0098,CUST148,25/05/2023,365.19,GBP,usa
ORD0099,CUST218,4/26/2023,,USD,India
ORD0100,CUST031,6/7/2023,,EUR,India
ORD0101,CUST240,5/6/2023,,EUR,India
ORD0102,CUST021,10/8/2023,3022.53,INR,usa
ORD0103,CUST295,1/11/2023,4108.89,USD,Germany
ORD0104,CUST266,15/08/2023,,EUR,India
ORD0105,CUST241,29/07/2023,3353.97,GBP,germany
ORD0106,CUST254,6/12/2023,4069.69,EUR,India
ORD0107,CUST162,15/06/2023,4325.9,EUR,germany
ORD0108,CUST028,7/5/2023,,INR,usa
ORD0109,CUST137,9/3/2023,,INR,india
ORD0110,CUST123,6/9/2023,,INR,usa
ORD0111,CUST059,3/2/2023,,GBP,Uk
ORD0112,CUST213,3/3/2024,2289.36,EUR,usa
ORD0113,CUST261,1/18/2024,,GBP,Uk
ORD0114,CUST002,6/2/2023,,USD,Germany
ORD0115,CUST276,6/20/2023,,EUR,UK
ORD0116,CUST097,3/5/2023,,INR,UK
ORD0117,CUST243,12/4/2024,1936.53,EUR,india
ORD0118,CUST065,9/5/2024,,INR,Germany
ORD0119,CUST008,7/29/2023,4850.08,EUR,Uk
ORD0120,CUST174,7/23/2023,,EUR,UK
ORD0121,CUST250,1/19/2023,,USD,India
ORD0122,CUST223,1/25/2024,3522.42,EUR,USA
ORD0123,CUST154,15/01/2023,,GBP,UK
ORD0124,CUST221,6/5/2023,2833.98,USD,USA
ORD0125,CUST041,7/15/2023,,USD,usa
ORD0126,CUST237,11/5/2023,,GBP,USA
ORD0127,CUST038,6/26/2023,,GBP,Germany
ORD0128,CUST155,16/07/2023,,GBP,Uk
ORD0129,CUST152,2/29/2024,1985.07,INR,Germany
ORD0130,CUST147,4/28/2023,4011.64,USD,Uk
ORD0131,CUST071,4/7/2024,,EUR,india
ORD0132,CUST297,7/6/2023,,EUR,USA
ORD0133,CUST103,7/2/2024,,USD,Uk
ORD0134,CUST247,6/1/2023,4353.28,EUR,India
ORD0135,CUST073,4/26/2023,,GBP,India
ORD0136,CUST203,1/8/2023,,EUR,UK
ORD0137,CUST056,12/12/2023,,USD,India
ORD0138,CUST238,6/4/2023,2047.4,INR,india
ORD0139,CUST156,9/10/2023,4437.42,EUR,Germany
ORD0140,CUST190,1/16/2024,,USD,germany
ORD0141,CUST051,8/9/2023,,INR,UK
ORD0142,CUST112,8/16/2023,4278.7,GBP,UK
ORD0143,CUST032,7/23/2023,,INR,usa
ORD0144,CUST011,1/26/2023,4944.22,INR,usa
ORD0145,CUST111,21/03/2024,3874.1,GBP,USA
ORD0146,CUST067,10/4/2023,558.53,USD,india
ORD0147,CUST184,5/2/2023,1625.62,GBP,india
ORD0148,CUST065,1/15/2024,,EUR,UK
ORD0149,CUST263,8/20/2023,1115.53,GBP,Germany
ORD0150,CUST016,3/9/2023,2137.11,EUR,Germany
ORD0151,CUST038,6/14/2023,750.19,GBP,UK
ORD0152,CUST196,29/09/2023,,INR,India
ORD0153,CUST283,19/03/2024,2263.26,EUR,UK
ORD0154,CUST233,7/24/2023,,GBP,UK
ORD0155,CUST079,12/18/2023,465.21,INR,germany
ORD0156,CUST050,1/17/2024,,INR,germany
ORD0157,CUST182,7/12/2023,4341.78,GBP,Uk
ORD0158,CUST181,2/23/2023,,USD,India
ORD0159,CUST180,3/8/2024,3815.4,EUR,india
ORD0160,CUST137,5/20/2023,,GBP,india
ORD0161,CUST093,10/17/2023,2009.91,INR,India
ORD0162,CUST272,12/7/2023,,GBP,UK
ORD0163,CUST291,11/2/2023,786.34,INR,Uk
ORD0164,CUST227,9/6/2023,,USD,India
ORD0165,CUST177,5/26/2023,,GBP,india
ORD0166,CUST113,7/22/2023,1030.07,USD,Uk
ORD0167,CUST149,3/3/2023,3737.6,USD,germany
ORD0168,CUST273,9/14/2023,,INR,germany
ORD0169,CUST022,8/12/2023,,EUR,germany
ORD0170,CUST149,27/07/2023,,GBP,India
ORD0171,CUST224,24/02/2023,2948.47,EUR,Uk
ORD0172,CUST174,4/24/2023,391.13,USD,UK
ORD0173,CUST180,2/24/2024,4077.03,INR,USA
ORD0174,CUST132,4/12/2023,3803.47,USD,Germany
ORD0175,CUST238,1/25/2024,,GBP,USA
ORD0176,CUST226,8/15/2023,,INR,UK
ORD0177,CUST260,8/6/2023,,GBP,India
ORD0178,CUST047,1/11/2023,2318.93,EUR,usa
ORD0179,CUST165,11/6/2023,,INR,UK
ORD0180,CUST044,9/16/2023,,EUR,USA
ORD0181,CUST187,14/04/2024,,INR,UK
ORD0182,CUST034,10/13/2023,,USD,UK
ORD0183,CUST042,6/12/2023,,USD,India
ORD0184,CUST159,12/7/2023,4067.79,EUR,UK
ORD0185,CUST010,7/5/2023,,USD,usa
ORD0186,CUST071,3/21/2023,2543.37,GBP,USA
ORD0187,CUST193,4/3/2023,3857.78,EUR,india
ORD0188,CUST211,7/6/2023,,EUR,usa
ORD0189,CUST274,8/6/2023,4520.83,GBP,Germany
ORD0190,CUST237,25/05/2023,,USD,usa
ORD0191,CUST071,1/27/2023,,INR,India
ORD0192,CUST146,26/01/2024,2252.1,EUR,India
ORD0193,CUST114,19/08/2023,,INR,germany
ORD0194,CUST258,7/11/2023,1880.81,GBP,India
ORD0195,CUST172,2/10/2024,,USD,Germany
ORD0196,CUST230,11/12/2023,104.83,USD,germany
ORD0197,CUST057,28/05/2023,618.02,EUR,Germany
ORD0198,CUST033,4/3/2024,2987.73,USD,USA
ORD0199,CUST150,1/1/2023,,USD,India
ORD0200,CUST269,2/4/2023,2724.97,EUR,Germany
ORD0201,CUST023,18/07/2023,,INR,UK
ORD0202,CUST124,1/11/2024,,USD,india
ORD0203,CUST181,2/21/2024,,EUR,USA
ORD0204,CUST070,2/1/2024,194.55,INR,usa
ORD0205,CUST022,6/8/2023,,GBP,india
ORD0206,CUST098,5/27/2023,,GBP,India
ORD0207,CUST189,7/24/2023,,GBP,USA
ORD0208,CUST255,7/8/2023,1340.94,EUR,India
ORD0209,CUST221,4/3/2023,1475.89,INR,UK
ORD0210,CUST152,11/5/2023,,GBP,Germany
ORD0211,CUST022,21/03/2024,,GBP,india
ORD0212,CUST039,23/11/2023,2570.3,INR,USA
ORD0213,CUST225,1/18/2023,,GBP,germany
ORD0214,CUST291,3/20/2023,,GBP,Germany
ORD0215,CUST040,12/3/2023,,USD,India
ORD0216,CUST014,9/13/2023,1941.07,GBP,Uk
ORD0217,CUST229,5/27/2023,,USD,India
ORD0218,CUST070,3/12/2024,,INR,UK
ORD0219,CUST178,10/9/2023,,USD,USA
ORD0220,CUST186,9/18/2023,3962.41,EUR,india
ORD0221,CUST185,21/10/2023,4020.27,INR,India
ORD0222,CUST159,3/1/2024,,INR,USA
ORD0223,CUST163,7/2/2023,,USD,USA
ORD0224,CUST067,8/10/2023,4158.64,GBP,USA
ORD0225,CUST083,6/15/2023,,INR,Uk
ORD0226,CUST101,4/5/2024,,INR,USA
ORD0227,CUST298,12/4/2023,,INR,india
ORD0228,CUST042,11/25/2023,1330.63,EUR,india
ORD0229,CUST255,18/11/2023,,EUR,usa
ORD0230,CUST208,2/7/2023,,EUR,Germany
ORD0231,CUST238,4/15/2023,,GBP,germany
ORD0232,CUST067,9/21/2023,539.86,EUR,India
ORD0233,CUST137,8/19/2023,,EUR,usa
ORD0234,CUST082,4/23/2024,3608.43,USD,Germany
ORD0235,CUST264,13/09/2023,2491.88,EUR,Germany
ORD0236,CUST124,4/21/2023,,EUR,Uk
ORD0237,CUST275,9/3/2024,,GBP,germany
ORD0238,CUST188,1/27/2023,,GBP,India
ORD0239,CUST198,1/27/2024,1405.81,USD,India
ORD0240,CUST202,6/23/2023,4695.35,USD,germany
ORD0241,CUST257,1/21/2023,,EUR,USA
ORD0242,CUST264,4/21/2024,,GBP,UK
ORD0243,CUST260,18/09/2023,,EUR,india
ORD0244,CUST189,11/12/2023,2922.67,EUR,Uk
ORD0245,CUST297,10/23/2023,2921.78,EUR,USA
ORD0246,CUST125,4/30/2024,558.38,EUR,UK
ORD0247,CUST215,3/19/2023,,INR,USA
ORD0248,CUST266,6/16/2023,,GBP,USA
ORD0249,CUST236,6/25/2023,,EUR,usa
ORD0250,CUST127,5/23/2023,,GBP,usa
ORD0251,CUST251,6/28/2023,,GBP,India
ORD0252,CUST294,6/10/2023,4093.7,GBP,india
ORD0253,CUST148,1/1/2024,,EUR,usa
ORD0254,CUST104,5/19/2023,3483.89,INR,usa
ORD0255,CUST125,4/8/2024,1136.1,INR,India
ORD0256,CUST212,6/19/2023,3409.15,INR,USA
ORD0257,CUST209,23/04/2024,2392.47,GBP,UK
ORD0258,CUST147,11/27/2023,3264.97,INR,USA
ORD0259,CUST214,3/27/2024,,EUR,USA
ORD0260,CUST149,20/01/2023,2844.13,GBP,Uk
ORD0261,CUST233,6/10/2023,4447.41,EUR,Uk
ORD0262,CUST099,2/19/2024,,USD,india
ORD0263,CUST173,10/18/2023,3788.84,EUR,germany
ORD0264,CUST264,7/25/2023,485.97,EUR,UK
ORD0265,CUST128,1/4/2023,,GBP,Uk
ORD0266,CUST299,21/10/2023,3271.88,INR,India
ORD0267,CUST239,7/27/2023,,INR,Uk
ORD0268,CUST189,11/11/2023,,GBP,germany
ORD0269,CUST282,1/23/2024,4011.96,USD,India
ORD0270,CUST270,28/09/2023,399.73,INR,usa
ORD0271,CUST294,18/03/2023,,INR,usa
ORD0272,CUST299,4/5/2024,2232.96,EUR,USA
ORD0273,CUST263,8/1/2023,,INR,germany
ORD0274,CUST131,2/23/2024,2895.77,EUR,UK
ORD0275,CUST033,10/5/2023,,INR,Uk
ORD0276,CUST210,3/11/2023,,GBP,germany
ORD0277,CUST230,14/04/2024,1884.47,GBP,India
ORD0278,CUST092,10/3/2023,3642.01,INR,india
ORD0279,CUST153,1/4/2024,,USD,usa
ORD0280,CUST236,6/27/2023,4687.68,INR,germany
ORD0281,CUST009,5/4/2023,,INR,usa
ORD0282,CUST023,4/30/2023,1094.17,USD,Uk
ORD0283,CUST120,1/10/2024,,USD,Uk
ORD0284,CUST074,24/09/2023,1509.5,USD,germany
ORD0285,CUST285,25/01/2023,,GBP,germany
ORD0286,CUST210,3/18/2023,,USD,usa
ORD0287,CUST154,29/12/2023,,EUR,USA
ORD0288,CUST199,11/5/2023,,GBP,India
ORD0289,CUST275,1/6/2024,1349.62,INR,usa
ORD0290,CUST287,3/9/2023,1522.91,USD,usa
ORD0291,CUST061,1/18/2024,3481.18,EUR,usa
ORD0292,CUST283,2/2/2024,,GBP,Uk
ORD0293,CUST185,27/03/2024,,GBP,usa
ORD0294,CUST190,1/24/2023,4321.78,INR,Uk
ORD0295,CUST284,10/24/2023,2093.71,USD,UK
ORD0296,CUST118,7/14/2023,,GBP,Germany
ORD0297,CUST252,28/03/2023,,USD,india
ORD0298,CUST269,1/18/2023,4726.49,INR,germany
ORD0299,CUST071,3/7/2024,3538.78,USD,Germany
ORD0300,CUST192,11/23/2023,,EUR,india
ORD0301,CUST004,9/30/2023,,GBP,india
ORD0302,CUST258,24/12/2023,4032.78,INR,India
ORD0303,CUST269,4/9/2023,,GBP,germany
ORD0304,CUST041,6/5/2024,2829.36,GBP,India
ORD0305,CUST017,27/07/2023,2767.98,INR,USA
ORD0306,CUST043,8/11/2023,3924.04,INR,usa
ORD0307,CUST109,12/21/2023,2382.75,INR,Uk
ORD0308,CUST279,10/16/2023,,INR,usa
ORD0309,CUST074,25/02/2024,,USD,usa
ORD0310,CUST291,7/19/2023,,EUR,USA
ORD0311,CUST041,17/01/2024,,USD,India
ORD0312,CUST175,11/11/2023,,INR,Uk
ORD0313,CUST231,7/2/2023,,USD,germany
ORD0314,CUST044,1/31/2024,3568.41,GBP,USA
ORD0315,CUST195,12/31/2023,,GBP,India
ORD0316,CUST047,27/04/2024,,INR,USA
ORD0317,CUST045,8/18/2023,,INR,india
ORD0318,CUST046,2/17/2023,,EUR,india
ORD0319,CUST150,7/31/2023,3626.97,USD,germany
ORD0320,CUST087,18/05/2023,2470.69,USD,germany
ORD0321,CUST142,8/4/2023,1812.01,EUR,usa
ORD0322,CUST235,2/24/2023,,EUR,UK
ORD0323,CUST226,2/22/2024,4871.38,GBP,UK
ORD0324,CUST103,10/6/2023,,EUR,usa
ORD0325,CUST167,24/05/2023,1831.43,USD,india
ORD0326,CUST237,29/12/2023,3990.45,EUR,Germany
ORD0327,CUST072,5/6/2023,,EUR,India
ORD0328,CUST230,3/9/2023,,INR,UK
ORD0329,CUST275,11/1/2023,555.75,GBP,USA
ORD0330,CUST023,12/13/2023,,EUR,India
ORD0331,CUST006,4/24/2023,3736.8,EUR,UK
ORD0332,CUST201,12/14/2023,3455.28,GBP,india
ORD0333,CUST248,2/23/2023,589.19,GBP,Uk
ORD0334,CUST176,4/16/2023,,INR,Germany
ORD0335,CUST232,6/13/2023,4052.83,INR,UK
ORD0336,CUST056,3/26/2023,1227.13,USD,UK
ORD0337,CUST287,8/7/2023,3990.8,USD,germany
ORD0338,CUST203,1/15/2023,,EUR,india
ORD0339,CUST110,1/21/2024,4045.56,INR,USA
ORD0340,CUST188,6/16/2023,,GBP,germany
ORD0341,CUST201,28/02/2023,4229.13,GBP,India
ORD0342,CUST069,2/3/2023,,USD,germany
ORD0343,CUST215,12/3/2023,,USD,USA
ORD0344,CUST251,13/03/2023,4211.51,GBP,india
ORD0345,CUST249,10/4/2023,,EUR,Germany
ORD0346,CUST213,6/3/2024,844.59,USD,Uk
ORD0347,CUST017,26/04/2023,,EUR,India
ORD0348,CUST294,2/1/2024,,INR,Germany
ORD0349,CUST280,2/22/2023,4152.05,GBP,india
ORD0350,CUST231,5/15/2023,2200.96,USD,usa
ORD0351,CUST180,11/9/2023,2146.55,USD,usa
ORD0352,CUST031,29/06/2023,2988.32,GBP,Uk
ORD0353,CUST149,5/2/2024,4927.59,USD,germany
ORD0354,CUST031,5/22/2023,3510.12,USD,USA
ORD0355,CUST165,1/25/2024,1969.58,GBP,germany
ORD0356,CUST193,8/20/2023,,GBP,Germany
ORD0357,CUST250,1/2/2023,,GBP,India
ORD0358,CUST274,22/04/2023,,GBP,UK
ORD0359,CUST146,6/22/2023,,GBP,india
ORD0360,CUST024,17/11/2023,91.24,EUR,Germany
ORD0361,CUST001,4/14/2023,,USD,Uk
ORD0362,CUST048,12/2/2023,1865.5,INR,germany
ORD0363,CUST157,1/7/2024,2151.86,INR,india
ORD0364,CUST110,3/9/2023,,INR,india
ORD0365,CUST176,3/3/2023,,INR,usa
ORD0366,CUST197,2/15/2023,,GBP,USA
ORD0367,CUST196,2/1/2024,3211.46,INR,india
ORD0368,CUST085,8/14/2023,3144.12,EUR,Germany
ORD0369,CUST112,2/14/2023,,GBP,germany
ORD0370,CUST162,13/03/2023,3226.66,GBP,india
ORD0371,CUST155,11/7/2023,,GBP,india
ORD0372,CUST123,9/11/2023,2502.92,INR,UK
ORD0373,CUST163,3/16/2024,2110.11,EUR,India
ORD0374,CUST009,4/2/2023,1086.56,EUR,Uk
ORD0375,CUST257,8/5/2023,2017.36,GBP,India
ORD0376,CUST159,2/10/2023,4871.82,GBP,germany
ORD0377,CUST034,8/12/2023,4767.61,INR,usa
ORD0378,CUST045,11/8/2023,3065.36,GBP,USA
ORD0379,CUST062,3/12/2023,,GBP,Uk
ORD0380,CUST086,6/3/2023,3667.35,INR,UK
ORD0381,CUST220,26/09/2023,3564.49,EUR,Germany
ORD0382,CUST262,9/13/2023,842.74,GBP,India
ORD0383,CUST294,12/12/2023,3706.49,INR,india
ORD0384,CUST126,30/08/2023,4601.93,INR,germany
ORD0385,CUST115,8/2/2023,1606.48,GBP,India
ORD0386,CUST258,12/11/2023,1123.69,EUR,India
ORD0387,CUST239,25/05/2023,,INR,UK
ORD0388,CUST103,16/10/2023,3700.48,EUR,UK
ORD0389,CUST253,4/11/2023,4503.21,USD,india
ORD0390,CUST210,30/04/2023,3183.35,GBP,india
ORD0391,CUST193,13/01/2024,528.71,EUR,Germany
ORD0392,CUST031,14/03/2023,474.2,EUR,UK
ORD0393,CUST235,2/13/2023,486.93,EUR,India
ORD0394,CUST291,2/1/2023,,GBP,germany
ORD0395,CUST168,6/12/2023,382.69,USD,India
ORD0396,CUST080,26/03/2023,1577.03,GBP,usa
ORD0397,CUST232,6/7/2023,,INR,usa
ORD0398,CUST168,3/17/2023,,INR,Uk
ORD0399,CUST134,31/03/2023,4274.46,INR,Germany
ORD0400,CUST053,2/16/2024,69.67,USD,usa
ORD0401,CUST206,11/19/2023,,INR,india
ORD0402,CUST034,7/4/2024,4048.4,GBP,India
ORD0403,CUST022,4/27/2024,,EUR,Germany
ORD0404,CUST016,7/15/2023,1776.18,GBP,Uk
ORD0405,CUST229,1/18/2023,3099.69,GBP,Germany
ORD0406,CUST211,3/27/2024,,USD,germany
ORD0407,CUST103,2/13/2024,1253.25,EUR,UK
ORD0408,CUST246,5/2/2024,,EUR,Uk
ORD0409,CUST093,1/14/2023,,INR,Germany
ORD0410,CUST272,7/3/2023,4870.16,USD,usa
ORD0411,CUST137,2/10/2024,288.98,EUR,UK
ORD0412,CUST089,2/5/2023,,INR,UK
ORD0413,CUST291,10/16/2023,,GBP,USA
ORD0414,CUST252,1/20/2023,3012.3,EUR,india
ORD0415,CUST170,4/14/2024,1710.39,GBP,india
ORD0416,CUST012,3/17/2023,,INR,UK
ORD0417,CUST203,21/02/2023,1619.79,EUR,Germany
ORD0418,CUST163,5/10/2024,,USD,USA
ORD0419,CUST194,11/1/2024,645.47,EUR,india
ORD0420,CUST094,4/16/2024,1112.27,EUR,USA
ORD0421,CUST170,9/2/2023,4912.07,INR,UK
ORD0422,CUST229,1/6/2023,,GBP,India
ORD0423,CUST001,8/13/2023,2104.07,EUR,Germany
ORD0424,CUST194,6/29/2023,4145.75,USD,Germany
ORD0425,CUST038,9/3/2024,,INR,India
ORD0426,CUST176,3/29/2023,3662.61,GBP,Germany
ORD0427,CUST016,8/9/2023,,USD,india
ORD0428,CUST052,6/19/2023,,GBP,Uk
ORD0429,CUST122,7/21/2023,,USD,india
ORD0430,CUST185,7/8/2023,,USD,India
ORD0431,CUST014,29/03/2023,,INR,Uk
ORD0432,CUST204,4/3/2024,,USD,UK
ORD0433,CUST196,7/9/2023,,GBP,usa
ORD0434,CUST138,3/19/2023,3340.67,GBP,germany
ORD0435,CUST117,1/2/2023,,EUR,usa
ORD0436,CUST244,7/22/2023,183.3,INR,Germany
ORD0437,CUST089,4/30/2024,4044.22,INR,germany
ORD0438,CUST041,4/14/2023,,GBP,India
ORD0439,CUST045,7/23/2023,,EUR,india
ORD0440,CUST268,3/8/2023,756.72,INR,India
ORD0441,CUST147,2/10/2023,,EUR,Germany
ORD0442,CUST293,11/8/2023,1384.32,EUR,india
ORD0443,CUST203,6/19/2023,,GBP,UK
ORD0444,CUST011,23/02/2024,,INR,usa
ORD0445,CUST069,13/05/2024,,GBP,germany
ORD0446,CUST046,15/08/2023,,INR,USA
ORD0447,CUST034,30/12/2023,686.89,USD,usa
ORD0448,CUST103,3/4/2024,,USD,Uk
ORD0449,CUST189,26/08/2023,3180.69,INR,usa
ORD0450,CUST191,9/8/2023,,GBP,UK
ORD0451,CUST084,5/13/2023,4156.04,GBP,india
ORD0452,CUST198,3/13/2024,3901.35,USD,usa
ORD0453,CUST106,7/29/2023,110.06,EUR,USA
ORD0454,CUST089,11/4/2023,,GBP,germany
ORD0455,CUST193,28/06/2023,,EUR,India
ORD0456,CUST004,6/12/2023,,GBP,India
ORD0457,CUST247,5/22/2023,,GBP,Uk
ORD0458,CUST097,3/18/2023,,GBP,USA
ORD0459,CUST014,12/9/2023,,EUR,india
ORD0460,CUST299,12/29/2023,1722.4,EUR,UK
ORD0461,CUST260,3/29/2023,4383.71,GBP,India
ORD0462,CUST242,5/13/2023,4043.64,GBP,India
ORD0463,CUST114,25/04/2023,,GBP,Uk
ORD0464,CUST300,5/31/2023,2357.98,EUR,usa
ORD0465,CUST257,20/03/2024,,INR,USA
ORD0466,CUST071,7/29/2023,,USD,UK
ORD0467,CUST093,11/2/2023,3158.85,GBP,india
ORD0468,CUST003,8/20/2023,2885.63,EUR,India
ORD0469,CUST067,11/8/2023,,EUR,india
ORD0470,CUST020,13/04/2023,,USD,india
ORD0471,CUST003,11/17/2023,,GBP,USA
ORD0472,CUST053,15/09/2023,843.43,GBP,Uk
ORD0473,CUST234,11/2/2023,1695.8,GBP,Germany
ORD0474,CUST184,7/4/2023,105.43,USD,usa
ORD0475,CUST012,10/29/2023,1839.29,EUR,Uk
ORD0476,CUST274,11/16/2023,3313.23,INR,India
ORD0477,CUST214,3/5/2023,1271.16,USD,india
ORD0478,CUST155,2/21/2023,2606.34,EUR,India
ORD0479,CUST262,13/11/2023,578.92,EUR,usa
ORD0480,CUST103,3/1/2024,,EUR,Uk
ORD0481,CUST083,1/21/2023,,GBP,usa
ORD0482,CUST002,1/7/2023,,USD,India
ORD0483,CUST262,2/8/2023,4524.85,EUR,Uk
ORD0484,CUST136,8/26/2023,,GBP,UK
ORD0485,CUST219,1/14/2024,58.26,USD,UK
ORD0486,CUST184,5/4/2024,1348.86,GBP,UK
ORD0487,CUST094,25/07/2023,,EUR,germany
ORD0488,CUST086,12/23/2023,302.65,INR,germany
ORD0489,CUST248,19/10/2023,,GBP,india
ORD0490,CUST067,9/5/2023,,INR,India
ORD0491,CUST134,1/7/2023,4342.98,GBP,India
ORD0492,CUST222,8/1/2024,,USD,india
ORD0493,CUST006,3/22/2023,,USD,India
ORD0494,CUST252,4/5/2023,261.25,EUR,germany
ORD0495,CUST121,8/16/2023,,EUR,UK
ORD0496,CUST061,9/12/2023,,INR,india
ORD0497,CUST047,5/8/2024,3191.32,EUR,UK
ORD0498,CUST187,2/27/2024,,EUR,UK
ORD0499,CUST232,1/24/2024,,GBP,Uk
ORD0500,CUST281,9/25/2023,238.43,EUR,USA
ORD0501,CUST210,2/24/2023,,USD,Germany
ORD0502,CUST098,23/06/2023,242.04,EUR,Germany
ORD0503,CUST259,3/10/2023,2656.52,EUR,Germany
ORD0504,CUST261,2/4/2024,3462.17,USD,India
ORD0505,CUST199,4/11/2023,,EUR,usa
ORD0506,CUST141,8/5/2024,2269.7,USD,germany
ORD0507,CUST263,12/26/2023,4304.93,USD,usa
ORD0508,CUST149,4/16/2024,672.03,GBP,India
ORD0509,CUST181,10/26/2023,,GBP,germany
ORD0510,CUST007,24/02/2023,735.18,USD,Uk
ORD0511,CUST083,5/27/2023,,USD,india
ORD0512,CUST184,2/22/2023,4341.5,EUR,usa
ORD0513,CUST262,2/13/2024,1445.32,EUR,germany
ORD0514,CUST214,5/14/2024,1570.14,INR,Uk
ORD0515,CUST104,20/03/2024,,USD,usa
ORD0516,CUST151,8/18/2023,943.01,INR,germany
ORD0517,CUST021,23/05/2023,,INR,UK
ORD0518,CUST239,12/30/2023,,INR,Uk
ORD0519,CUST252,21/10/2023,,USD,USA
ORD0520,CUST267,2/4/2023,,INR,UK
ORD0521,CUST114,20/04/2023,,USD,Germany
ORD0522,CUST288,2/26/2024,,EUR,usa
ORD0523,CUST125,21/01/2023,1913.05,EUR,Uk
ORD0524,CUST277,1/13/2023,,EUR,Germany
ORD0525,CUST023,6/1/2023,1608.36,INR,USA
ORD0526,CUST276,10/1/2023,1061.8,EUR,India
ORD0527,CUST106,12/26/2023,3878.28,USD,india
ORD0528,CUST236,1/3/2024,375.51,GBP,India
ORD0529,CUST295,27/04/2023,,EUR,germany
ORD0530,CUST162,1/9/2023,2678.82,INR,India
ORD0531,CUST184,15/09/2023,,INR,Uk
ORD0532,CUST225,2/25/2024,163.79,USD,USA
ORD0533,CUST201,3/10/2024,1481.94,GBP,UK
ORD0534,CUST006,10/11/2023,624.94,EUR,India
ORD0535,CUST157,1/15/2024,,USD,USA
ORD0536,CUST095,12/11/2023,979.69,INR,Germany
ORD0537,CUST282,2/7/2023,1260.93,EUR,UK
ORD0538,CUST183,3/7/2023,509.22,USD,UK
ORD0539,CUST249,11/12/2023,1535.32,GBP,UK
ORD0540,CUST220,3/28/2023,,GBP,UK
ORD0541,CUST069,11/1/2024,,GBP,Germany
ORD0542,CUST283,11/27/2023,,USD,usa
ORD0543,CUST135,1/11/2024,3639.85,INR,germany
ORD0544,CUST109,19/01/2023,,USD,UK
ORD0545,CUST201,1/31/2024,,USD,Germany
ORD0546,CUST257,16/02/2023,2515.81,USD,USA
ORD0547,CUST229,10/17/2023,3300.47,EUR,UK
ORD0548,CUST021,4/23/2023,,USD,india
ORD0549,CUST106,9/4/2024,,INR,india
ORD0550,CUST166,5/10/2024,,GBP,USA
ORD0551,CUST193,7/7/2023,3270.15,GBP,germany
ORD0552,CUST115,27/07/2023,,INR,USA
ORD0553,CUST226,2/9/2023,3220.95,USD,USA
ORD0554,CUST081,7/5/2023,,GBP,India
ORD0555,CUST247,12/12/2023,,INR,usa
ORD0556,CUST023,3/7/2023,682.27,USD,india
ORD0557,CUST086,4/3/2023,4791.61,GBP,India
ORD0558,CUST111,7/11/2023,,USD,USA
ORD0559,CUST262,1/6/2024,,INR,usa
ORD0560,CUST194,7/17/2023,,USD,India
ORD0561,CUST091,11/11/2023,204.79,INR,Germany
ORD0562,CUST067,4/6/2024,,EUR,UK
ORD0563,CUST023,12/24/2023,,EUR,UK
ORD0564,CUST295,6/8/2023,2390.93,INR,Uk
ORD0565,CUST279,7/29/2023,3548.65,INR,india
ORD0566,CUST193,16/04/2023,2050.14,USD,germany
ORD0567,CUST300,3/13/2024,,GBP,germany
ORD0568,CUST105,2/6/2024,,EUR,Uk
ORD0569,CUST158,2/1/2024,1996.67,INR,usa
ORD0570,CUST229,2/5/2024,,GBP,india
ORD0571,CUST083,7/19/2023,4023.8,EUR,germany
ORD0572,CUST046,15/05/2023,409.4,EUR,germany
ORD0573,CUST267,5/8/2024,296.74,EUR,Germany
ORD0574,CUST006,12/3/2023,1437.17,USD,USA
ORD0575,CUST019,7/4/2023,4878.47,GBP,germany
ORD0576,CUST181,7/27/2023,1009.55,INR,India
ORD0577,CUST282,2/29/2024,,GBP,Uk
ORD0578,CUST116,8/5/2024,4649.27,GBP,USA
ORD0579,CUST209,9/17/2023,,INR,Uk
ORD0580,CUST276,11/2/2024,,EUR,usa
ORD0581,CUST174,8/23/2023,2309,EUR,India
ORD0582,CUST133,2/4/2023,3387.8,GBP,germany
ORD0583,CUST181,1/5/2023,4162.56,GBP,India
ORD0584,CUST205,19/01/2024,389.38,EUR,UK
ORD0585,CUST182,2/4/2024,922.09,EUR,usa
ORD0586,CUST121,4/5/2023,1041.83,USD,UK
ORD0587,CUST080,2/3/2024,,INR,india
ORD0588,CUST247,14/11/2023,,EUR,USA
ORD0589,CUST262,4/24/2023,,EUR,india
ORD0590,CUST258,3/16/2024,,INR,Germany
ORD0591,CUST162,1/7/2023,1061.65,GBP,UK
ORD0592,CUST133,4/6/2023,,GBP,USA
ORD0593,CUST256,8/3/2023,,EUR,Uk
ORD0594,CUST231,3/9/2023,3433.2,GBP,usa
ORD0595,CUST285,8/10/2023,737.76,EUR,india
ORD0596,CUST091,3/10/2023,,EUR,Uk
ORD0597,CUST129,10/15/2023,1998.03,INR,usa
ORD0598,CUST131,9/1/2023,,GBP,UK
ORD0599,CUST185,13/10/2023,,INR,UK
ORD0600,CUST102,11/29/2023,,GBP,UK
ORD0601,CUST262,1/2/2024,,GBP,Germany
ORD0602,CUST075,27/03/2023,,INR,India
ORD0603,CUST083,27/04/2023,,EUR,Uk
ORD0604,CUST228,17/03/2024,,EUR,USA
ORD0605,CUST095,3/6/2023,,INR,usa
ORD0606,CUST086,7/23/2023,,INR,india
ORD0607,CUST204,9/26/2023,1319.64,INR,germany
ORD0608,CUST159,7/5/2023,2221.37,USD,USA
ORD0609,CUST015,6/12/2023,,GBP,Germany
ORD0610,CUST070,12/24/2023,,EUR,Uk
ORD0611,CUST178,9/4/2023,,EUR,Uk
ORD0612,CUST080,1/1/2023,4078.75,GBP,Uk
ORD0613,CUST241,5/1/2023,,GBP,india
ORD0614,CUST221,2/13/2024,,USD,germany
ORD0615,CUST288,8/12/2023,,EUR,usa
ORD0616,CUST135,2/10/2023,,GBP,Uk
ORD0617,CUST212,4/7/2023,691.75,EUR,Germany
ORD0618,CUST140,12/25/2023,1610.01,INR,india
ORD0619,CUST096,22/02/2023,,INR,usa
ORD0620,CUST047,3/19/2023,,EUR,UK
ORD0621,CUST238,10/2/2024,410.31,INR,Uk
ORD0622,CUST201,2/6/2023,,EUR,india
ORD0623,CUST063,5/13/2024,,USD,india
ORD0624,CUST102,8/24/2023,2610.48,EUR,germany
ORD0625,CUST160,3/23/2023,3643.9,GBP,Germany
ORD0626,CUST153,4/12/2023,4319.65,INR,usa
ORD0627,CUST223,8/1/2023,,USD,india
ORD0628,CUST022,6/2/2024,3445.15,GBP,India
ORD0629,CUST128,2/16/2023,3097.04,INR,UK
ORD0630,CUST079,12/26/2023,637.88,GBP,UK
ORD0631,CUST225,1/11/2023,1895.07,GBP,india
ORD0632,CUST249,13/08/2023,,USD,USA
ORD0633,CUST279,15/06/2023,1383.87,INR,USA
ORD0634,CUST231,5/15/2023,1841.89,EUR,USA
ORD0635,CUST010,7/6/2023,1201.54,EUR,usa
ORD0636,CUST269,1/28/2024,,GBP,germany
ORD0637,CUST165,9/25/2023,342.73,USD,india
ORD0638,CUST104,2/24/2023,,EUR,Uk
ORD0639,CUST026,11/7/2023,363.66,EUR,India
ORD0640,CUST240,24/11/2023,,GBP,india
ORD0641,CUST137,9/28/2023,4173.94,USD,India
ORD0642,CUST052,29/04/2023,955.41,USD,germany
ORD0643,CUST055,23/11/2023,,INR,USA
ORD0644,CUST093,25/07/2023,,GBP,UK
ORD0645,CUST282,8/3/2024,,GBP,usa
ORD0646,CUST289,7/12/2023,,GBP,Germany
ORD0647,CUST230,1/1/2023,,INR,USA
ORD0648,CUST155,1/4/2023,4280.04,GBP,USA
ORD0649,CUST049,1/20/2023,,USD,usa
ORD0650,CUST132,2/17/2023,2004.99,INR,UK
ORD0651,CUST248,2/27/2024,3517.21,GBP,india
ORD0652,CUST296,7/15/2023,,GBP,germany
ORD0653,CUST214,4/21/2024,3740.92,EUR,india
ORD0654,CUST157,6/13/2023,,USD,USA
ORD0655,CUST026,10/1/2024,3766.67,USD,germany
ORD0656,CUST149,2/7/2024,,INR,germany
ORD0657,CUST135,24/07/2023,3871.39,USD,Germany
ORD0658,CUST287,7/22/2023,2860.94,USD,India
ORD0659,CUST137,6/15/2023,4621.45,INR,germany
ORD0660,CUST217,28/06/2023,1729.18,GBP,USA
ORD0661,CUST180,25/02/2024,,INR,usa
ORD0662,CUST103,3/21/2023,4265.29,INR,usa
ORD0663,CUST076,2/3/2024,78.53,GBP,Germany
ORD0664,CUST242,4/18/2023,2694.65,GBP,Germany
ORD0665,CUST073,12/22/2023,1889.27,GBP,USA
ORD0666,CUST031,2/9/2024,3093.64,EUR,india
ORD0667,CUST035,5/19/2023,,INR,india
ORD0668,CUST150,28/03/2024,,INR,UK
ORD0669,CUST249,3/19/2024,,INR,india
ORD0670,CUST127,29/09/2023,2454.76,INR,UK
ORD0671,CUST181,7/1/2023,,INR,Uk
ORD0672,CUST199,1/16/2023,4746.09,USD,UK
ORD0673,CUST202,2/14/2023,1917.21,EUR,usa
ORD0674,CUST294,7/8/2023,,EUR,USA
ORD0675,CUST106,10/25/2023,3423.4,USD,Uk
ORD0676,CUST269,4/10/2024,3284.6,GBP,India
ORD0677,CUST286,9/30/2023,928.83,INR,UK
ORD0678,CUST212,30/07/2023,,USD,usa
ORD0679,CUST055,1/14/2023,3088.56,USD,usa
ORD0680,CUST014,10/2/2023,,GBP,USA
ORD0681,CUST199,9/9/2023,974.37,EUR,india
ORD0682,CUST139,4/24/2023,3359.98,USD,India
ORD0683,CUST091,8/13/2023,,EUR,usa
ORD0684,CUST219,1/22/2023,,GBP,germany
ORD0685,CUST293,9/26/2023,4380.16,INR,Germany
ORD0686,CUST234,2/28/2024,,INR,germany
ORD0687,CUST265,1/27/2024,,EUR,Uk
ORD0688,CUST147,27/03/2023,3069.54,USD,Germany
ORD0689,CUST232,2/16/2023,907.06,EUR,germany
ORD0690,CUST166,13/01/2023,2955.67,EUR,India
ORD0691,CUST129,11/29/2023,3984.47,INR,India
ORD0692,CUST231,2/13/2023,3539.32,EUR,germany
ORD0693,CUST023,29/03/2023,2831.8,USD,USA
ORD0694,CUST092,31/12/2023,,GBP,USA
ORD0695,CUST061,4/5/2024,,INR,Germany
ORD0696,CUST255,3/13/2024,,USD,usa
ORD0697,CUST244,8/21/2023,3010.07,USD,Uk
ORD0698,CUST286,2/24/2024,932.35,GBP,india
ORD0699,CUST075,12/8/2023,,GBP,India
ORD0700,CUST026,2/25/2023,3363.73,EUR,UK
ORD0701,CUST019,29/01/2024,,INR,germany
ORD0702,CUST282,2/3/2023,,GBP,germany
ORD0703,CUST269,4/18/2023,300.34,EUR,Uk
ORD0704,CUST219,10/3/2024,,USD,Germany
ORD0705,CUST267,20/11/2023,4041.82,GBP,usa
ORD0706,CUST001,8/27/2023,3985.7,EUR,germany
ORD0707,CUST024,10/14/2023,1069.57,GBP,Uk
ORD0708,CUST035,9/17/2023,1626.38,INR,UK
ORD0709,CUST175,10/19/2023,4800.96,USD,UK
ORD0710,CUST174,11/12/2023,3988.3,EUR,USA
ORD0711,CUST236,18/03/2024,,INR,Uk
ORD0712,CUST290,6/11/2023,2684.07,GBP,UK
ORD0713,CUST034,5/11/2024,,USD,germany
ORD0714,CUST096,1/3/2023,,INR,Uk
ORD0715,CUST212,2/14/2023,,USD,Uk
ORD0716,CUST090,2/27/2023,3891.17,EUR,india
ORD0717,CUST248,4/8/2024,,GBP,UK
ORD0718,CUST074,2/20/2023,3386.82,USD,india
ORD0719,CUST236,3/18/2024,,INR,India
ORD0720,CUST171,8/28/2023,,INR,Uk
ORD0721,CUST108,13/04/2023,,EUR,India
ORD0722,CUST140,3/18/2023,86.13,USD,UK
ORD0723,CUST282,3/14/2023,4021.97,USD,India
ORD0724,CUST160,6/23/2023,2223.8,INR,Germany
ORD0725,CUST026,2/24/2023,2138.06,EUR,UK
ORD0726,CUST160,4/12/2023,3794.43,EUR,USA
ORD0727,CUST048,4/15/2024,,GBP,Germany
ORD0728,CUST241,4/29/2023,,GBP,germany
ORD0729,CUST094,14/04/2024,,EUR,Germany
ORD0730,CUST016,1/9/2023,2398.47,GBP,UK
ORD0731,CUST295,18/09/2023,4089.59,GBP,India
ORD0732,CUST155,7/25/2023,2073.08,USD,Germany
ORD0733,CUST197,4/17/2023,,GBP,usa
ORD0734,CUST089,2/9/2023,,INR,Germany
ORD0735,CUST167,19/02/2023,,INR,India
ORD0736,CUST195,11/27/2023,316.8,USD,india
ORD0737,CUST076,8/20/2023,,USD,usa
ORD0738,CUST163,2/11/2024,,GBP,India
ORD0739,CUST299,10/11/2023,,INR,UK
ORD0740,CUST282,1/1/2023,,INR,Uk
ORD0741,CUST016,12/26/2023,,EUR,germany
ORD0742,CUST196,4/19/2023,875.32,USD,germany
ORD0743,CUST185,2/8/2023,4987.31,USD,india
ORD0744,CUST037,3/15/2023,,USD,India
ORD0745,CUST071,17/02/2024,,USD,Germany
ORD0746,CUST261,10/10/2023,1929.73,USD,germany
ORD0747,CUST004,3/9/2024,,EUR,UK
ORD0748,CUST018,20/01/2023,3527.36,EUR,India
ORD0749,CUST073,10/1/2024,2330.03,INR,usa
ORD0750,CUST242,12/6/2023,,INR,UK
ORD0751,CUST274,6/1/2023,,GBP,germany
ORD0752,CUST181,15/05/2024,1453.15,GBP,Uk
ORD0753,CUST032,11/19/2023,,INR,Uk
ORD0754,CUST249,2/12/2023,,GBP,USA
ORD0755,CUST144,5/21/2023,3709.73,USD,Germany
ORD0756,CUST190,5/14/2023,1188.62,INR,UK
ORD0757,CUST044,5/10/2024,,EUR,usa
ORD0758,CUST226,1/7/2024,,INR,Uk
ORD0759,CUST060,27/03/2023,,USD,germany
ORD0760,CUST200,3/16/2023,4352.69,GBP,Germany
ORD0761,CUST196,5/7/2024,3417.55,INR,UK
ORD0762,CUST222,15/04/2024,,INR,Uk
ORD0763,CUST300,1/31/2024,3747.96,GBP,USA
ORD0764,CUST161,10/8/2023,4160.13,EUR,India
ORD0765,CUST269,17/12/2023,,GBP,usa
ORD0766,CUST018,1/13/2023,4693.14,INR,India
ORD0767,CUST045,6/11/2023,3285.41,INR,USA
ORD0768,CUST130,5/31/2023,,EUR,UK
ORD0769,CUST132,4/2/2024,,EUR,UK
ORD0770,CUST031,4/5/2024,897.87,EUR,usa
ORD0771,CUST202,4/2/2023,,USD,India
ORD0772,CUST227,1/2/2024,,EUR,india
ORD0773,CUST255,3/18/2023,,GBP,USA
ORD0774,CUST169,4/8/2024,,EUR,germany
ORD0775,CUST207,3/8/2024,2705.24,EUR,Germany
ORD0776,CUST063,2/10/2023,,EUR,india
ORD0777,CUST047,1/10/2023,,GBP,usa
ORD0778,CUST091,21/01/2023,,EUR,India
ORD0779,CUST184,3/29/2024,2195.54,USD,india
ORD0780,CUST099,1/13/2023,2451.27,GBP,Germany
ORD0781,CUST274,3/3/2024,4833.2,INR,UK
ORD0782,CUST029,6/22/2023,2033.48,EUR,USA
ORD0783,CUST297,4/30/2023,,INR,Germany
ORD0784,CUST024,5/5/2023,81.68,GBP,India
ORD0785,CUST234,3/3/2024,329.15,INR,Germany
ORD0786,CUST113,16/02/2024,,GBP,India
ORD0787,CUST295,10/7/2023,3823.5,GBP,India
ORD0788,CUST062,14/03/2023,,USD,Germany
ORD0789,CUST125,4/18/2024,,USD,india
ORD0790,CUST250,2/11/2023,,EUR,Germany
ORD0791,CUST065,15/03/2023,,USD,USA
ORD0792,CUST020,3/4/2023,3064.13,GBP,UK
ORD0793,CUST215,1/3/2023,596.36,GBP,usa
ORD0794,CUST238,1/30/2024,1389.37,INR,USA
ORD0795,CUST243,3/23/2023,4614.14,GBP,Uk
ORD0796,CUST108,6/21/2023,,INR,India
ORD0797,CUST027,4/18/2024,,INR,India
ORD0798,CUST121,10/31/2023,1636.6,GBP,usa
ORD0799,CUST057,6/16/2023,3691.36,EUR,usa
ORD0800,CUST038,8/30/2023,4453.54,USD,Germany
ORD0801,CUST092,11/7/2023,,GBP,usa
ORD0802,CUST172,12/21/2023,307.66,INR,Germany
ORD0803,CUST235,29/03/2023,,USD,USA
ORD0804,CUST296,5/11/2024,,USD,Germany
ORD0805,CUST237,8/1/2023,3683.53,USD,UK
ORD0806,CUST223,4/1/2024,4731.8,EUR,india
ORD0807,CUST021,1/29/2024,,EUR,India
ORD0808,CUST232,2/12/2023,,USD,USA
ORD0809,CUST184,6/1/2023,,USD,Germany
ORD0810,CUST293,26/10/2023,2324.17,EUR,USA
ORD0811,CUST190,12/27/2023,16.8,EUR,UK
ORD0812,CUST272,1/6/2023,3493.29,INR,UK
ORD0813,CUST029,4/10/2024,1826.31,INR,germany
ORD0814,CUST188,13/11/2023,1838.5,USD,USA
ORD0815,CUST172,2/28/2023,2397.68,USD,UK
ORD0816,CUST181,9/15/2023,2120.42,INR,UK
ORD0817,CUST177,9/14/2023,,GBP,Germany
ORD0818,CUST189,4/29/2024,4045.89,USD,Germany
ORD0819,CUST045,2/11/2023,1448.98,INR,USA
ORD0820,CUST142,23/12/2023,760.99,INR,Uk
ORD0821,CUST214,5/11/2024,,EUR,india
ORD0822,CUST150,4/7/2023,,EUR,UK
ORD0823,CUST168,12/7/2023,,EUR,Uk
ORD0824,CUST291,4/4/2024,,USD,Germany
ORD0825,CUST191,5/12/2024,,EUR,USA
ORD0826,CUST083,12/31/2023,4866.3,USD,usa
ORD0827,CUST060,1/22/2023,,USD,usa
ORD0828,CUST288,18/01/2023,4890.33,GBP,Germany
ORD0829,CUST277,25/03/2023,616.24,EUR,Germany
ORD0830,CUST075,23/08/2023,,GBP,Germany
ORD0831,CUST149,1/22/2024,,GBP,India
ORD0832,CUST246,3/13/2023,,INR,germany
ORD0833,CUST113,2/7/2023,284.62,USD,Uk
ORD0834,CUST101,12/2/2023,3388.55,EUR,usa
ORD0835,CUST252,11/6/2023,,EUR,USA
ORD0836,CUST219,7/9/2023,,GBP,Germany
ORD0837,CUST288,21/04/2023,,EUR,Uk
ORD0838,CUST084,8/1/2024,,USD,India
ORD0839,CUST074,9/1/2023,4933.33,EUR,India
ORD0840,CUST004,24/11/2023,,USD,usa
ORD0841,CUST096,5/29/2023,,GBP,Germany
ORD0842,CUST287,1/14/2024,3958.19,GBP,Uk
ORD0843,CUST242,1/12/2023,,USD,india
ORD0844,CUST062,1/27/2024,,EUR,germany
ORD0845,CUST133,9/1/2023,,INR,Uk
ORD0846,CUST084,30/01/2023,2310.61,GBP,USA
ORD0847,CUST028,8/3/2023,,INR,Uk
ORD0848,CUST150,9/29/2023,2574.19,INR,USA
ORD0849,CUST279,6/11/2023,,GBP,India
ORD0850,CUST274,10/24/2023,,GBP,Germany
ORD0851,CUST211,6/24/2023,521.07,USD,usa
ORD0852,CUST287,3/1/2024,4231.89,EUR,Germany
ORD0853,CUST040,3/1/2023,,GBP,USA
ORD0854,CUST227,2/11/2023,,INR,India
ORD0855,CUST114,3/7/2023,,USD,usa
ORD0856,CUST067,2/10/2023,,EUR,india
ORD0857,CUST101,2/11/2024,2572.26,EUR,India
ORD0858,CUST130,6/4/2023,61.26,INR,usa
ORD0859,CUST103,4/5/2023,,GBP,UK
ORD0860,CUST083,2/4/2024,3068.65,INR,india
ORD0861,CUST271,2/1/2024,867.15,INR,usa
ORD0862,CUST259,29/12/2023,3493.68,EUR,India
ORD0863,CUST093,1/7/2023,1079.23,EUR,India
ORD0864,CUST161,2/26/2023,,GBP,india
ORD0865,CUST043,10/9/2023,,EUR,usa
ORD0866,CUST284,29/05/2023,952.04,EUR,UK
ORD0867,CUST092,9/9/2023,,INR,India
ORD0868,CUST074,12/22/2023,4888.08,INR,UK
ORD0869,CUST102,13/04/2023,,EUR,Uk
ORD0870,CUST298,1/23/2024,,EUR,germany
ORD0871,CUST249,23/05/2023,,EUR,Germany
ORD0872,CUST119,11/18/2023,507.02,INR,Germany
ORD0873,CUST014,7/15/2023,3399.23,GBP,India
ORD0874,CUST040,20/01/2024,3965.73,GBP,Germany
ORD0875,CUST252,14/05/2023,4049.31,INR,germany
ORD0876,CUST061,19/08/2023,2218.36,INR,USA
ORD0877,CUST286,16/03/2024,4424.65,EUR,germany
ORD0878,CUST069,2/1/2024,,EUR,Germany
ORD0879,CUST288,3/13/2024,,EUR,UK
ORD0880,CUST146,1/15/2023,,GBP,india
ORD0881,CUST175,19/02/2023,,GBP,india
ORD0882,CUST126,1/5/2023,2966.73,GBP,India
ORD0883,CUST173,11/1/2023,,EUR,Uk
ORD0884,CUST011,12/23/2023,,EUR,UK
ORD0885,CUST294,2/20/2023,3457.41,GBP,Germany
ORD0886,CUST258,27/01/2024,,GBP,germany
ORD0887,CUST104,9/12/2023,4203.5,GBP,Uk
ORD0888,CUST025,6/2/2023,3126.62,INR,UK
ORD0889,CUST140,2/15/2024,2381.59,GBP,India
ORD0890,CUST155,16/02/2024,,USD,germany
ORD0891,CUST206,16/11/2023,3361.09,INR,USA
ORD0892,CUST296,12/5/2023,,EUR,india
ORD0893,CUST268,4/13/2023,,EUR,germany
ORD0894,CUST164,3/16/2024,,GBP,Uk
ORD0895,CUST083,5/12/2023,2035.27,USD,usa
ORD0896,CUST015,13/02/2024,,EUR,india
ORD0897,CUST104,3/23/2023,,USD,india
ORD0898,CUST249,2/5/2024,,INR,germany
ORD0899,CUST187,12/10/2023,1990.51,USD,India
ORD0900,CUST293,1/12/2024,,EUR,India
ORD0001,CUST058,1/13/2023,1123.82,INR,germany
ORD0002,CUST017,1/16/2023,2531.72,USD,germany
ORD0003,CUST113,8/18/2023,3796.45,EUR,UK
ORD0004,CUST143,21/04/2023,,INR,UK
ORD0005,CUST177,11/6/2023,3651.36,EUR,India
ORD0006,CUST283,11/18/2023,,USD,India
ORD0007,CUST024,27/04/2023,4926.26,INR,germany
ORD0008,CUST143,22/11/2023,,USD,Uk
ORD0009,CUST037,3/29/2023,3648.34,EUR,germany
ORD0010,CUST139,12/19/2023,,INR,usa
ORD0011,CUST017,11/6/2023,,USD,Germany
ORD0012,CUST203,13/04/2024,722.93,USD,Uk
ORD0013,CUST300,4/4/2024,1816.36,EUR,India
ORD0014,CUST025,3/20/2023,,INR,germany
ORD0015,CUST196,28/08/2023,4855.68,INR,Uk
ORD0016,CUST175,2/27/2023,,USD,India
ORD0017,CUST153,9/17/2023,,USD,india
ORD0018,CUST166,10/1/2023,,USD,india
ORD0019,CUST124,3/25/2024,,INR,USA
ORD0020,CUST066,4/29/2024,,USD,usa
ORD0021,CUST160,10/12/2023,,INR,usa
ORD0022,CUST116,1/11/2023,2774.07,INR,India
ORD0023,CUST031,4/28/2023,4299.58,USD,Uk
ORD0024,CUST249,3/9/2023,,USD,Germany
ORD0025,CUST209,2/19/2023,,EUR,Germany
ORD0026,CUST028,12/11/2023,,INR,usa
ORD0027,CUST099,4/8/2023,,EUR,usa
ORD0028,CUST039,3/17/2024,498.56,INR,usa
ORD0029,CUST086,7/28/2023,4324.61,USD,germany
ORD0030,CUST002,16/05/2023,,USD,usa
ORD0031,CUST152,1/30/2023,3681.33,GBP,india
ORD0032,CUST026,9/15/2023,795.59,USD,India
ORD0033,CUST035,17/03/2024,608.23,INR,India
ORD0034,CUST215,10/17/2023,,USD,UK
ORD0035,CUST123,3/9/2023,,GBP,India
ORD0036,CUST005,8/23/2023,375.57,GBP,USA
ORD0037,CUST179,3/27/2024,1853.94,EUR,Uk
ORD0038,CUST271,2/23/2024,1503.9,USD,Uk
ORD0039,CUST060,1/16/2024,,USD,UK
ORD0040,CUST105,21/11/2023,,INR,India
ORD0041,CUST217,2/29/2024,1674.45,GBP,USA
ORD0042,CUST227,8/7/2023,58.25,USD,india
ORD0043,CUST190,10/10/2023,,GBP,india
ORD0044,CUST184,5/8/2023,,USD,usa
ORD0045,CUST084,5/14/2024,4408.27,USD,UK
ORD0046,CUST211,3/18/2024,,USD,India
ORD0047,CUST196,20/01/2023,,GBP,Uk
ORD0048,CUST117,4/25/2023,,INR,Uk
ORD0049,CUST180,7/24/2023,,INR,India
ORD0050,CUST134,25/10/2023,,GBP,UK
ORD0051,CUST224,19/09/2023,4498.53,GBP,india
ORD0052,CUST224,4/18/2024,3437.42,GBP,germany
ORD0053,CUST036,7/12/2023,3119.55,GBP,Uk
ORD0054,CUST210,26/07/2023,2776.52,EUR,germany
ORD0055,CUST090,19/10/2023,2744.21,GBP,Uk
ORD0056,CUST108,10/24/2023,,EUR,Germany
ORD0057,CUST110,2/11/2024,856.76,GBP,UK
ORD0058,CUST048,2/24/2024,3367.25,USD,USA
ORD0059,CUST013,9/1/2023,4250.19,EUR,germany
ORD0060,CUST295,3/1/2024,2476.94,USD,india
ORD0061,CUST055,2/3/2024,,INR,usa
ORD0062,CUST063,10/3/2023,,EUR,germany
ORD0063,CUST281,3/23/2023,,GBP,usa
ORD0064,CUST142,3/2/2024,,EUR,India
ORD0065,CUST147,20/05/2023,4466.2,USD,USA
ORD0066,CUST119,3/20/2023,,EUR,UK
ORD0067,CUST278,8/27/2023,,INR,germany
ORD0068,CUST245,27/04/2024,,USD,Germany
ORD0069,CUST113,5/20/2023,,USD,Germany
ORD0070,CUST066,1/10/2023,2963.54,INR,germany
ORD0071,CUST070,3/19/2024,,USD,Germany
ORD0072,CUST168,25/01/2024,,GBP,India
ORD0073,CUST241,1/10/2023,,USD,India
ORD0074,CUST021,1/22/2024,1004.81,USD,usa
ORD0075,CUST065,2/28/2023,,GBP,UK
ORD0076,CUST086,5/8/2024,3594.6,GBP,India
ORD0077,CUST297,6/9/2023,,EUR,usa
ORD0078,CUST039,3/1/2024,,INR,india
ORD0079,CUST178,8/8/2023,,INR,germany
ORD0080,CUST251,10/8/2023,,USD,germany
ORD0081,CUST091,5/9/2024,,EUR,germany
ORD0082,CUST138,6/15/2023,,USD,Germany
ORD0083,CUST292,9/12/2023,,USD,Germany
ORD0084,CUST109,13/02/2024,,INR,usa
ORD0085,CUST044,4/1/2024,2780.33,EUR,Germany
ORD0086,CUST230,9/1/2023,1115.77,GBP,UK
ORD0087,CUST243,29/09/2023,,GBP,Germany
ORD0088,CUST139,6/6/2023,,INR,USA
ORD0089,CUST099,14/01/2024,,INR,usa
ORD0090,CUST152,4/7/2023,80.6,GBP,india
ORD0091,CUST028,10/11/2023,,INR,india
ORD0092,CUST294,29/08/2023,1710.12,GBP,Germany
ORD0093,CUST059,3/2/2023,379.67,USD,USA
ORD0094,CUST289,4/30/2024,,USD,germany
ORD0095,CUST231,6/2/2023,,INR,India
ORD0096,CUST107,5/16/2023,415.13,USD,India
ORD0097,CUST081,8/19/2023,,INR,usa
ORD0098,CUST148,25/05/2023,365.19,GBP,usa
ORD0099,CUST218,4/26/2023,,USD,India
ORD0100,CUST031,6/7/2023,,EUR,India
